De,Ru,Priority,Learned,Skip
(Учитель говорит) Мария может не писать.,,9,0,-
(Эта) Собака плывет через реку. ,,9,0,-
(Это) дерево очень большое и старое.,,9,0,-
(Этот) кролик белый.,,9,0,-
"(конкретная) Учительница строгая, но справедливая",,9,0,-
(эта конкретная) Девочка не глупая.,,9,0,-
(этот конкретный) Учитель приходит.,,9,0,-
(этот) Человек умный.,,9,0,-
-ant,,9,0,-
-chen,,9,0,-
-e,,9,0,-
-ei,,9,0,-
-ent,,9,0,-
-er,,9,0,-
-eur,,9,0,-
-heit,,9,0,-
-ich,,9,0,-
-ig,,9,0,-
-ik,,9,0,-
-in,,9,0,-
-ismus,,9,0,-
-ist,,9,0,-
-keit,,9,0,-
-lein,,9,0,-
-ling,,9,0,-
-loge,,9,0,-
-ma,,9,0,-
-ment,,9,0,-
-or,,9,0,-
-schaft,,9,0,-
-tion,,9,0,-
-tät,,9,0,-
-um,,9,0,-
-ung,,9,0,-
-us,,9,0,-
-är,,9,0,-
A,,9,0,-
Abreisedatum,,9,0,-
Achtung!,Внимание!,9,0,-
Akkusativ,,9,0,-
Akustik,,9,0,-
Anna geht ___ dem Freund ____ dem Bahnhof. — Анна идёт со своим другом на вокзал. (Dativ или Akkusativ),,9,0,-
Auf Wiederhören!,Услышимся!,9,0,-
Auf Wiedersehen,до свидания,9,0,-
Auf Wiedersehen!,До встречи!,9,0,-
Augenblick,,9,0,-
B,,9,0,-
Bestimmter Artikel,,9,0,-
Bitte!,Please!,9,0,-
C,,9,0,-
Chirurgie,,9,0,-
D,,9,0,-
Danke!,Thank you!,9,0,-
Das Geschenk ist für ___ Kind.,,9,0,-
Das Krankenhaus,больница {ж} / стационар {м},3,9,
Das ist ___ Apotheke Adler.,,9,0,-
Das ist ein Brief von ___ Freundin.,,9,0,-
Dativ,,9,0,-
Die Bewohner können ……… abends nicht ………. (sich entspannen),,9,0,-
Dirigent,,9,0,-
E,,9,0,-
Einsamkeit,,9,0,-
Entschuldigung,простите,9,0,-
Entschuldigung!,Sorry!,9,0,-
Er kommt aus ___ Haus.,,9,0,-
Er wohnt bei ___ Eltern.,,9,0,-
Experiment,,9,0,-
Eе племянница приезжает из Америки.,,9,0,-
F,,9,0,-
Feminin,,9,0,-
Fragewörter,,9,0,-
Freundschaft,,9,0,-
Futur,,9,0,-
G,,9,0,-
Ge-,,9,0,-
Genitiv,,9,0,-
Gerne!,Охотно! С удовольствием!,9,0,-
Gibt es …?,Is there …?,9,0,-
"Gold, Silber, Eisen, Kupfer",,9,0,-
Guten Tag,добрый день,9,0,-
Guten Tag!,Hello!,9,0,-
H,,9,0,-
Hallo!,Привет!,9,0,-
"Hotel, Cafe, Kino",,9,0,-
I,,9,0,-
Ich bin ____ dem Arzt. — Я у врача. (Dativ или Akkusativ),,9,0,-
Ich brauche …,I need ...,9,0,-
"Ich denke, dass sie ……… über Nachbarn ……… und die Polizei anrufen. (sich beschweren über)",,9,0,-
Ich esse ___ Honig in ___ Nacht.,,9,0,-
Ich gehe ohne ___ Mantel.,,9,0,-
Ich gehe zu ___ Arzt.,,9,0,-
"Ich hoffe, dass ich ……… dort gut ……… kann. (sich ausruhen)",,9,0,-
Ich hätte gerne …,I would like ...,9,0,-
Ich kaufe bittere Schokolade ___ die Mutter. — Я покупаю горький шоколад для мамы. (Dativ или Akkusativ),,9,0,-
Ich komme ___ dir ___ Berlin. — Я приеду к тебе в Берлин. (Dativ или Akkusativ),,9,0,-
Ich lerne Deutsch,я учу немецкий,9,0,-
Ich sehe ___ Tannenbaum.,,9,0,-
Ich spreche ein bisschen Deutsch,я немного говорю по-немецки,9,0,-
Ich suche ……… etwas Neues immer gerne. (sich suchen),,9,0,-
Ich verstehe nicht,я не понимаю,9,0,-
Ich warte auf ___ Freund.,,9,0,-
Ich ……… in andere Wohnung ………. (umziehen),,9,0,-
Ihnen,,9,0,-
Ihr,"Притяжательные Винительный, ср. род, Sie",9,0,-
Ihr (form.),,9,0,-
Ihre,"Притяжательные Винительный, мн. число, Sie",9,0,-
Ihrem,"Притяжательные Дательный, ср. род, Sie",9,0,-
Ihren,"Притяжательные Дательный, мн. число, Sie",9,0,-
Ihrer,"Притяжательные Родительный, мн. число, Sie",9,0,-
Ihres,"Притяжательные Родительный, ср. род, Sie",9,0,-
Im Schulhof ist ___ (какая-то) Prügelei.,,9,0,-
Immunität,,9,0,-
Imperativ,,9,0,-
Injektion,,9,0,-
Instrument,,9,0,-
J,,9,0,-
"Ja, ich ……… ……… deine Wohnung schon ………, aber wie entscheidest du ……… dafür? (sich vorstellen, sich entscheiden)",,9,0,-
K,,9,0,-
Kein Problem!,No problem!,9,0,-
Klinik,,9,0,-
Komponist,,9,0,-
Kranich,,9,0,-
Krankenversicherung,,9,0,-
Krankheit,,9,0,-
König,,9,0,-
L,,9,0,-
Lehrer,,9,0,-
"Lesen, Hören, Schreiben",,9,0,-
M,,9,0,-
Markus liest ___ Buch an ___ Vormittag.,,9,0,-
Maskulin,,9,0,-
Mathematik,,9,0,-
Max fährt ___ Frankreich ___ sie. — Макс поехал во Францию без неё. (Dativ или Akkusativ),,9,0,-
Medikament,,9,0,-
Meine Nachbarn bezahlen ……… große Geldstrafe.,,9,0,-
Modalverben,,9,0,-
Männlein,,9,0,-
N,,9,0,-
Negation,,9,0,-
Neutrum,,9,0,-
Nominativ,,9,0,-
O,,9,0,-
P,,9,0,-
Patient,,9,0,-
Plural,,9,0,-
Possesivpronomen,,9,0,-
Proben,,9,0,-
Produktmarketing,,9,0,-
Prost,Cheers,9,0,-
Präsens,,9,0,-
Präteritum,,9,0,-
Prüfung,,9,0,-
Publikum,,9,0,-
Q,,9,0,-
R,,9,0,-
Rhythmus,,9,0,-
Röntgen,,9,0,-
S,,9,0,-
Schnee,,9,0,-
Schülerin,,9,0,-
Sie,,9,0,-
Sie arbeiten,,9,0,-
Sie arbeiteten,,9,0,-
Sie haben,,9,0,-
Sie hatten,,9,0,-
Sie lernen,,9,0,-
Sie lernten,,9,0,-
Sie machen,,9,0,-
Sie sind,,9,0,-
Sie spricht mit ___ Lehrer.,,9,0,-
Sie tanzen,,9,0,-
Sie waren,,9,0,-
Sie werden sein (haben),,9,0,-
Sie ……… ……… über neue Nachbarn. (sich ärgern über),,9,0,-
Singular,,9,0,-
Sprechen Sie Russisch?,Вы говорите по-русски?,9,0,-
Stellst du ……… meine neue Wohnung schon ………? (sich vorstellen),,9,0,-
Stopp!,Stop!,9,0,-
T,,9,0,-
Trennbare / untrennbare Präfixe,,9,0,-
Tschüss!,Пока!,9,0,-
Tschüß!,Goodbye! / Bye!,9,0,-
U,,9,0,-
Unbestimmter Artikel,,9,0,-
Und kannst du ……… eine Wohnung oder ein Haus wirklich ………? (sich leisten),,9,0,-
Universität,,9,0,-
Uraufführung,,9,0,-
V,,9,0,-
Verzeihung,извините,9,0,-
Violinistin,,9,0,-
Vorsicht!,Осторожно!,9,0,-
W,,9,0,-
"Wein, Sekt, Kognak, Saft",,9,0,-
Wie heißen Sie?,Как Вас зовут?,9,0,-
Wie lange dauert es?,How long does it take?,9,0,-
Wie viel kostet es?,How much is it?,9,0,-
Willkommen!,Добро пожаловать!,9,0,-
Wir fahren mit ___ Bus.,,9,0,-
Wir gehen ____ dem Kino. — Мы идём из кино. (Dativ или Akkusativ),,9,0,-
Wir gehen ____ der Arbeit ____ Hause. — Мы пойдем после работы домой. (Dativ или Akkusativ),,9,0,-
Wir laufen durch ___ Park.,,9,0,-
Wissen,,9,0,-
Woher kommen Sie?,Откуда Вы?,9,0,-
X,,9,0,-
Y,,9,0,-
Z,,9,0,-
___ Birke wächst in ___ Wald. ,,9,0,-
___ Februar ist ___ Monat der Liebe. ,,9,0,-
___ Feigling spielt nicht Hockey.,,9,0,-
___ Hotel an ___ Oder heißt «___ Eisen».,,9,0,-
___ Lampe und ___ Dose Cola stehen auf dem Tisch.,,9,0,-
___ Montag ist nicht schlecht.,,9,0,-
___ Mädchen wandert in ___ Gebirge. ,,9,0,-
"___ Rhein ist groß, aber ___ Elbe nicht.",,9,0,-
___ Schülerin kriegt ___ Fünf. ,,9,0,-
"___ Sekt schmeckt nicht, aber ___ Bier ist lecker. ",,9,0,-
___ Student ist jung.,,9,0,-
___ Volkswagen ist ____ Auto.,,9,0,-
___ Winter ist nicht so kalt in Deutschland.,,9,0,-
___ Woche ist nicht leicht.,,9,0,-
___ Wolke ist dunkel.,,9,0,-
___ drei Tagen bleibt die Katze ___ mir. — Уже два дня остаётся кошка у меня. (Dativ или Akkusativ),,9,0,-
___ Übung ist sehr leicht.,,9,0,-
ab,(предлоги) с / от (начиная с - в будущем),9,0,-
abends,по вечерам / вечером,3,9,
aber,но,1,0,
abnehmen,худеть,3,9,
abnehmend,убывающий / снижающийся,3,9,
abseits,в стороне от,1,0,
acht,внимание {с} / восьмёрка {м} / восемь,9,0,-
achtzehn,восемнадцать,9,0,-
achtzig,восемьдесят,9,0,-
all,,9,0,-
alle,все,1,0,
allein,один / в одиночку,3,9,
aller,,9,0,-
alles,всё,1,0,
als,по сравнению с,1,9,
also,итак / значит,1,0,
alt,старый,1,0,
am,"an + dem (у, на — местоположение)",9,0,-
am besten,лучше всего,1,0,
an,"у, на (вертикальной поверхности)",9,0,-
anderer,другой,3,9,
anders,по-другому / иначе,1,0,
ans,"an + das (на, к — направление)",9,0,-
ansehen,"смотреть, поглядеть",3,9,
antworten,отвечать,3,0,
arbeiten,работать,3,0,
auch,тоже (подчёркивание; добавление),1,0,
auf,на (горизонтальной поверхности),9,0,-
aufgrund,на основании,3,9,
aufhalten,останавливать / задерживать,3,9,
aufladen,грузить [несов.] / зарядить [электричеством] [сов.] / заряжать [электричеством] [несов.] / погрузка {ж},3,9,
aufm,auf + dem (на — местоположение),9,0,-
aufs,auf + das (на — направление),9,0,-
aufstehen,вставать,3,9,
aus,изнутри,9,0,-
außerm,außer + dem (кроме),9,0,-
baby,,9,0,-
bald,скоро,1,0,
bedeutet,означает,3,9,
bei,возле,9,0,-
bei Grün, на зелёный свет,3,9,
beide,оба,3,9,
beim,"bei + dem (у, при)",9,0,-
bekommen,получать,3,9,
berühmt,знаменитый,3,9,
besser,лучше,1,0,
bestellen,заказывать,3,0,
besuchen,посещать,3,9,
bevor,прежде чем,3,9,
billig,дешёвый,3,9,
bin,,9,0,-
bis,(предлог) до,1,0,
bisschen,немного,3,9,
bist,,9,0,-
bitte,пожалуйста,9,0,-
bitter,горький,3,9,
blau,голубой / синева {ж} / синь {ж} [синева] / синий,3,9,
bleiben,оставаться,3,0,
bloß,только (предостережение),1,0,
boss,,9,0,-
brauchen,нуждаться,3,9,
bringen,приносить / приводить,3,9,
bunt,пёстрый [состоящий из разных элементов] / многокрасочный / разноцветный / пёстро / цветной [пёстрый],3,9,
ch,,9,0,-
chs,,9,0,-
da,"там - близко, разговорно",1,0,
dabei,при этом / вместе с этим,9,0,-
dadurch,посредством этого / из-за этого,9,0,-
dafür,для этого / за это,9,0,-
dagegen,против этого,9,0,-
daher,поэтому / оттуда,9,0,-
dahin,туда / в том направлении,9,0,-
damals,тогда (в прошлом),9,0,-
damit,этим / с этим,9,0,-
danach,после этого,9,0,-
daneben,рядом с этим,9,0,-
danke,спасибо,9,0,-
dann,"потом, затем",1,0,
daran,на этом / в этом,9,0,-
darauf,на этом / на это,9,0,-
daraus,из этого / из того,9,0,-
darin,в этом,9,0,-
darum,поэтому / вот почему,9,0,-
darunter,под этим,9,0,-
darüber,над этим / об этом,9,0,-
das,(предлог) то,1,0,
"das *-chen, *-lein",,9,0,-
das Abendessen,ужин,3,0,
das Auge,,9,0,-
das Auto,машина,3,0,
das Bett,кровать,3,0,
das Bier,пиво,3,0,
das Bild,,9,0,-
das Brötchen,бутерброд,3,9,
das Buch,книга,9,0,-
das Büro,,9,0,-
das Ding,вещь,3,9,
das Dokument,документ,3,9,
das Eis,мороженое,3,9,
das Fahrrad,велосипед {м},3,9,
das Fenster,,9,0,-
das Ferien,каникулы {мн},3,9,
das Fleisch,плоть {ж} [устр.] [книжн.] [тж. перен.] / мясо {с} / мясцо {с} [разг.],3,9,
das Flesh,,9,0,-
das Foto,фото,3,9,
das Gebäude,здание,3,9,
das Gelb, жёлтый,3,9,
das Geld,деньги,3,0,
das Gemüse,овощ {м},3,9,
das Geradeaus,напрямик [разг.] / прямо,3,9,
das Geschenk,подарок,3,9,
das Geschirr,посуда,3,9,
das Gesetz,закон {м},3,9,
das Gespräch,разговор,3,9,
das Getränk,напиток,3,9,
das Glas, бокал,3,9,
das Gold, золото,3,9,
das Gramm,грамм,9,0,-
das Grün, зелёный,3,9,
das Handy,телефон,9,9,-
das Haus,дом,9,0,-
das Heft,,9,0,-
das Hemd,,9,0,-
das Hotel,гостиница {ж} / отель {м},3,9,
das Hähnchen, курочка,3,9,
das Instrument,инструмент,3,9,
das Internet,интернет {м} / инет {м} [разг.],3,9,
das Jahr,год,1,0,
das Jahrhundert,век,1,0,
das Kaninchen,кролик,3,0,
das Kilogramm,килограмм,9,0,-
das Kind,ребенок,9,0,-
das Kino,кинотеатр,3,9,
das Klavier,пианино / фортепиано,3,9,
das Kleid,платье,3,0,
das Konzert,концерт {м},3,9,
das Land,страна,9,9,-
das Leid,страдание,3,9,
das Lied,песня,3,0,
das Medikament,лека́рство {с} / лекарственное средство {с} / лекарственный препарат {м} / медикамент {м},3,9,
das Meer,море {с},3,9,
das Museum,музей {м},3,9,
das Mädchen,девочка,3,0,
das Obst,фрукты {мн},3,9,
das Pfund,фунт,9,0,-
das Problem,вопрос {м} [проблема] / проблема {ж},3,9,
das Prozent,процент,9,0,-
das Rauchen, курение,3,9,
das Raumschiff,космический корабль,3,9,
das Regal,полка {ж} / стеллаж {м},3,9,
das Restaurant,ресторан,3,0,
das Rot, красный,3,9,
das Salz,соль,3,9,
das Silber, серебро,3,9,
das Silvester, канун Нового года,3,9,
das Sofa,диван,9,9,-
das Spielzeug,игрушка,3,9,
das Tee,чай {м} / чаёк {м} [уменьш.],3,9,
das Tier,животное {с} / зверь {м},3,9,
das Video,видео,3,9,
das Wasser,вода,3,9,
das Weihnachten,Рождество,3,0,
das Zimmer,комната,3,9,
dass,что (союз),3,9,
dasselbe,то же самое,3,9,
davon,от этого / об этом,9,0,-
dazu,к этому / для этого,9,0,-
dein,"Притяжательные Винительный, ср. род, du",9,0,-
deine,"Притяжательные Винительный, мн. число, du",9,0,-
deinem,"Притяжательные Дательный, ср. род, du",9,0,-
deinen,"Притяжательные Дательный, мн. число, du",9,0,-
deiner,"Притяжательные Родительный, мн. число, du",9,0,-
deines,"Притяжательные Родительный, ср. род, du",9,0,-
delawaren,,9,0,-
dem,,9,0,-
den,,9,0,-
denken,думать,3,0,
denkst,,9,0,-
denn,потому что,1,0,
der,,9,0,-
der *-el,,9,0,-
der *-en,,9,0,-
der *-er,,9,0,-
der Abend,вечер,1,0,
der April,Апрель,1,0,
der Arbeiter,,9,0,-
der Arm,рука,3,9,
der Arzt,врач {м} / доктор {м} [врач] / медик {м},9,9,-
der August,Август,1,0,
der Ausgang,исход {м} [результат] / выходная дверь {ж} / выход {м},3,9,
der Bahnhof,вокзал,3,9,
der Bauch,живот,3,9,
der Baum,дерево,3,9,
der Bein,нога {ж} [выше ступни],3,9,
der Berg,гора {ж},3,9,
der Beruf,"род {м} занятий / специальность {ж} / профессия {ж} / работа {ж} [занятие, как источник заработка]",3,9,
der Bescheid,уведомление / ответ,3,9,
der Brief,письмо,3,9,
der Bruder,,9,0,-
der Bus,автобус,9,9,-
der Buzzer,,9,0,-
der Computer,компьютер,9,9,-
der Dezember,Декабрь,1,0,
der Dienstag,вторник,1,9,
der Donnerstag,четверг,1,0,
der Eingang,вход {м} / подъезд {м} [вход],3,9,
der Fall,,9,0,-
der Februar,Февраль,1,0,
der Finger,,9,0,-
der Fisch, рыба,9,9,-
der Fluss,река {ж} / течение {с},3,9,
der Freitag,пятница,1,0,
der Freund,друг,9,0,-
der Frühling,весна,1,0,
der Fuß,стопа,3,9,
der Garten,,9,0,-
der Gast,,9,0,-
der Geburtstag,день рождения,3,0,
der Gewitter,гроза {ж},3,9,
der Gott,бог,3,9,
der Herbst,осень,1,0,
der Himmel, небо,3,9,
der Hund,собака,9,0,-
der Hunger,голод,3,9,
der Januar,Январь,1,0,
der Juli,Июль,1,0,
der Junge,мальчик,3,0,
der Juni,Июнь,1,0,
der Kaffee,кофе,3,9,
der Kopf,голова,3,0,
der Krieg,война,3,9,
der Kuchen,пирог,3,9,
der Käse,сыр {м},3,9,
der Lachs,лосось,3,0,
der Liter,литр,9,0,-
der Lohn,зарплата,3,9,
der Lord,,9,0,-
der Löffel,ложка,3,9,
der Mai,Май,1,0,
der Mann,мужчина,3,9,
der Mensch,человек,3,9,
der Meter,метр,9,0,-
der Mittag, полдень,1,0,
der Mittwoch,среда,1,0,
der Moment,момент,3,9,
der Monat,месяц,9,0,-
der Montag,понедельник,1,0,
der Morgen,утро,1,0,
der Mr,,9,0,-
der März,Март,1,0,
der Nachname,фамилия {ж},3,9,
der Nachtisch,десерт {м} / сладкое {с} [десерт],3,9,
der Name,имя,3,0,
der November,Ноябрь,1,0,
der Oktober,Октябрь,1,0,
der Opa,дедушка,3,0,
der Ort,место,3,0,
der Park,парк {м},3,9,
der Pass,паспорт,3,9,
der Passwort,пароль {м},3,9,
der Pfeffer,перец,3,9,
der Plan,план,3,9,
der Platz,площадка {ж} / площадь {ж} [в городе и т. п.] / сидение {с} / место {с} / плац {м},9,9,-
der Quadratmeter,квадратный метр,9,0,-
der Raum,пространство / комната / космос,3,9,
der Regen,дождь,3,9,
der Regenschirm,зонт,3,9,
der Saft,сок,3,9,
der Salat,салят {м} / салат-латук {м} / салат {м},3,9,
der Samstag,суббота,1,9,
der Schmerzmittel,болеутоляющее {с} / болеутоляющее средство {с} / обезболивающее {с} / обезболивающее средство {с},3,9,
der Schnee,снег {м} / снежок {м} [уменьш. к снег],3,9,
der Schrank,шкаф {м},9,9,-
der Schulhof, школьный двор,3,9,
der See,озеро,3,9,
der Sekt, шампанское,3,9,
der September,Сентябрь,1,0,
der Sessel,кресло,9,9,-
der Sinn,смысл,3,9,
der Sir,,9,0,-
der Sohn,сын,9,0,-
der Sommer,лето,1,0,
der Sonntag,воскресенье,1,9,
der Spalt,щель / трещина,3,9,
der Spaß,веселье,3,0,
der Staat,государство,3,9,
der Strand,(морской) берег {м} / взморье {с} / пляж {м} / побережье {с} (моря),3,9,
der Stuhl,стул {м},9,9,-
der Supermarkt,супермаркет {м} / универсам {м} [универсальный магазин самообслуживания],3,0,
der Tag,день,9,0,-
der Teller,,9,0,-
der Teufel,дьявол,3,9,
der Tisch,стол,3,0,
der Tod,смерть,3,0,
der Tunnel,тоннель {м},3,9,
der Urlaub,отпуск {м},3,9,
der Vater,папа,9,0,-
der Vorname,имя {с} [в отличие от фамилии],3,9,
der Wald,лес,3,9,
der Wein,вино,3,9,
der Wetter,держащий {м} пари / погода {ж} / погодка {ж} [разг.],3,9,
der Winter,зима,1,0,
der Wodka, водка,3,9,
der Zentimeter,сантиметр,9,0,-
der Zucker,сахар,3,9,
der Zug,поезд,3,9,
des,,9,0,-
deshalb,поэтому,9,0,-
deswegen,поэтому / из-за этого,9,0,-
dich,,9,0,-
die,,9,0,-
die *-in,,9,0,-
die Adresse,адрес {м},3,9,
die Antwort,ответ,9,0,-
die Anzeige,объявление,3,9,
die Apotheke, аптека) ,3,9,
die Arbeit,работа,3,0,
die Art,вид / способ,3,9,
die Besserung,выздоровление,3,0,
die Birke, берёза,3,9,
die Blume,цветок ,3,9,
die Blumen,цветы,3,0,
die Brücke,мост,3,9,
die Cola, кола,3,9,
die Dose, жестяная/консервная банка,3,9,
die Eltern,родители,3,0,
die Entschuldigung,извинение,3,9,
die Erde,Земля,3,9,
die Erwachsene,взрослые {мн},3,9,
die Etage,этаж,3,0,
die Familie,семья,9,0,-
die Farbe,"окрас {м} / карточная масть {ж} / краска {ж} / цвет {м} [окраска, окрас]",3,9,
die Fenster,окно {с},3,9,
die Frage,вопрос,9,0,-
die Frau,женщина,9,0,-
die Freude,радость,3,9,
die Freunde,друзья,3,0,
die Freundin,подруга,9,0,-
die Gabel,вилка,3,9,
die Gebäude,здание {с} / сооружение {с} [строение] / строение {с},3,9,
die Geige,скрипка,3,9,
die Geschichte,история,3,9,
die Gesundheit,здоровье,3,0,
die Großstadt,большой город,3,9,
die Haltestelle,остановка,3,9,
die Hand,кисть {ж} [руки] / рука {ж} [кисть],9,9,-
die Hauptspeise,основное блюдо {с},3,9,
die Hausaufgabe,домашняя работа,3,0,
die Hilfe,выручка {ж} [разг.] [помощь] / подмога {ж} [разг.] [помощь] / подспорье {с} [помощь] / помощь {ж},3,9,
die Idee,идея,3,9,
die Immobilien,недвижимость,3,9,
die Katze,кошка,3,0,
die Kinder,дети,3,0,
die Kleidung,вещи,3,0,
die Lampe,лампа,3,9,
die Lebensmittel,продукты питания,3,9,
die Lehrer,наставник {м} [учитель] / препод {м} [разг.] / преподаватель {м} / учитель {м},3,9,
die Lehrerin,учительница,9,0,-
die Leute,люди,3,0,
die Liebe,любовь,3,0,
die Limonade, лимонад,3,9,
die Luft,воздух,3,9,
die Maus,мышь,3,0,
die Menschheit,человечество,3,0,
die Milch,молоко,3,0,
die Milliarde,миллиард,3,9,
die Million,миллион,9,0,-
die Minute,минута,1,0,
die Musik,музыка,3,0,
die Mutter,мама,9,0,-
die Nachbar,соседи {мн},3,9,
die Nachricht,сообщение / новость,3,9,
die Nacht,ночь,9,0,-
die Nuss,орех {м},3,9,
die Ode,,9,0,-
die Oma,бабушка,3,0,
die Ordnung,порядок,3,9,
die Pizza,пицца,3,0,
die Polizei,полиция,3,0,
die Probe,проба / репетиция,3,0,
die Puppe,кукла,3,0,
die Rasse,раса,3,9,
die Rechnung,"счёт {м} [за товар, работу] / счёт-фактура {м} / исчисление {с}",3,9,
die Regel,правило,3,9,
die Richtung,курс {м} [направление] / направление {с} / сторона {ж} [направление],3,9,
die Rose,,9,0,-
die Schmerz,боль,3,9,
die Schokolade,шоколад,3,9,
die Schule,школа,3,0,
die Schwester,сестра,3,0,
die Sekunde,секунда,1,0,
die Socken,носки,3,0,
die Sonne,солнце ,3,9,
die Speisekarte,меню {с} [нескл.],3,9,
die Sprache,язык,9,9,-
die Stadt,город,3,9,
die Straße,улица,3,9,
die Stunde,час,1,0,
die Stunden,уроки,3,0,
die Suppe,суп,3,0,
die Tasche,карман {м} / сумка {ж},9,9,-
die Tasse,,9,0,-
die Tochter,,9,0,-
die Treppe,,9,0,-
die Tür,дверь {ж},9,9,-
die Uhr,часы,3,0,
die Vorsicht,бдительность {ж} / опаска {ж} [разг.] / осторожность {ж},3,9,
die Vorspeise,закуска {ж} [перед основной едой],3,9,
die Wand,стена {ж},9,9,-
die Woche,неделя,1,0,
die Wohnung,квартира,3,9,
die Wolke, облако,3,9,
die Wörter,слова,3,0,
die Zahnbürste,зубная щётка {ж},3,9,
die Zeit,время,3,0,
die Zeitung, газета,3,9,
die Zimmer,номер {м} [в гостинице] / горница {ж} [устр.] [комната] / комната {ж},3,9,
die Zukunft,будущее,3,9,
die Ärztin,врач {м} [женщина] / врачиха {ж} [разг.] / докторша {ж} [разг.] [женщина-врач],3,9,
die/das App,приложение,3,9,
dies,этот,1,0,
diese,,9,0,-
diesem,,9,0,-
diesen,,9,0,-
dieser,,9,0,-
dieses,,9,0,-
dir,,9,0,-
doch,наоборот(опровержение отрицания),1,0,
dort,там,1,0,
drei,,9,0,-
dreizehn,тринадцать,9,0,-
dreißig,тридцать,9,0,-
du,,9,0,-
du arbeitest,,9,0,-
du arbeitetest,,9,0,-
du bist,,9,0,-
du hast,,9,0,-
du hattest,,9,0,-
du lernst,,9,0,-
du lerntest,,9,0,-
du machst,,9,0,-
du tanzt,,9,0,-
du warst,,9,0,-
du wirst sein (haben),,9,0,-
du; dürfen,,9,0,-
du; können,,9,0,-
du; möchten,,9,0,-
du; mögen,,9,0,-
du; müssen,,9,0,-
du; sollen,,9,0,-
du; wollen,,9,0,-
dumm,глупый ,3,9,
dunkel,тёмный ,3,9,
durch,через (сквозь),9,0,-
dürfen,,9,0,-
eben,именно / так и есть,3,9,
ebenfalls,взаимно / также,3,9,
ei,,9,0,-
eigentlich,вообще-то / собственно говоря,3,9,
ein,,9,0,-
eine,,9,0,-
einem,,9,0,-
einen,,9,0,-
einer,один / некто,3,9,
eines,,9,0,-
einfach,просто,3,9,
einige,некоторые,3,9,
einmal,однажды / разок,3,9,
eins,единица {ж} [число] / один [при счёте],9,0,-
elf,одиннадцать,9,0,-
empfehlen,советовать,3,9,
entlang,вдоль,1,0,
entweder,либо,3,9,
er,,9,0,-
"er, sie, es arbeitet",,9,0,-
"er, sie, es macht",,9,0,-
"er, sie, es tanzt",,9,0,-
er/sie/es arbeitete,,9,0,-
er/sie/es hat,,9,0,-
er/sie/es hatte,,9,0,-
er/sie/es ist,,9,0,-
er/sie/es lernt,,9,0,-
er/sie/es lernte,,9,0,-
er/sie/es war,,9,0,-
er/sie/es wird sein (haben),,9,0,-
erster,первый,3,9,
es,,9,0,-
essen,есть (кушать),3,0,
etwas,что-то / немного,1,0,
eu,,9,0,-
euch,,9,0,-
euer,"Притяжательные Винительный, ср. род, ihr",9,0,-
euere,"Притяжательные Винительный, мн. число, ihr",9,0,-
euerem,"Притяжательные Дательный, ср. род, ihr",9,0,-
eueren,"Притяжательные Дательный, мн. число, ihr",9,0,-
euerer,"Притяжательные Родительный, мн. число, ihr",9,0,-
eueres,"Притяжательные Родительный, ср. род, ihr",9,0,-
eurer,,9,0,-
fahren,ездить,3,0,
fallen,падать,3,0,
falls,в случае если,3,9,
falsch,неправильно / ложный,3,9,
fangen,ловить,3,9,
fast,почти,1,0,
fast immer,почти всегда,1,0,
fast nie,почти никогда,1,0,
finden,находить / считать,3,0,
fragen,спросить,3,0,
frisch,свежий,3,9,
froh,радостный,3,9,
früh,рано,3,9,
früher,прежде / ранее / раньше,3,9,
frühstücken,завтракать,3,0,
fühlen,чувствовать,3,0,
fünf,пятёрка {ж} / пять,9,0,-
fünfzehn,пятнадцать,9,0,-
fünfzig,пятьдесят,9,0,-
für,для,9,0,-
fürs,für + das (для),9,0,-
ganz,весь / совсем,1,0,
ganze,весь / целый,3,9,
gar,совсем (усиление; часто с отрицанием),1,0,
geben,давать,3,0,
gegen,против,9,0,-
gegenüber,напротив,1,0,
gehen,идти,3,0,
gehen - Gang,,9,0,-
gehören, принадлежать,3,9,
gelb,жёлтый,3,9,
gelegentlich,изредка,1,9,
genau,точно,3,0,
genug,достаточно,3,9,
gerade,прямо / как раз,3,9,
gerecht,справедливый ,3,9,
gerne,охотно / с удовольствием,3,9,
gesamt,весь / общий,3,9,
gestern,вчера,1,0,
gesund,здоровый,3,0,
gewöhnlich,обычно,1,9,
glauben,верить / считать,3,9,
gleich,равно / вот-вот,1,0,
gleichzeitig,одновременно,1,0,
groß,большой/взрослый,1,0,
gruss,приветствие,9,0,-
grün,неспелый / зелёный,3,9,
gut,хорошо,1,0,
gute Laune,хорошее настроение,3,9,
günstig, доступный по цене,3,9,
habe,,9,0,-
haben,,9,0,-
hallo,здравствуйте,9,0,-
halt,просто / вот так,3,0,
halten,держать / останавливаться,3,9,
hast,,9,0,-
hat,,9,0,-
heiß,горячий,3,9,
heißen,называться,3,9,
helfen,помогать,3,0,
hell,яркий ,3,9,
her,сюда,1,0,
herum,вокруг,3,9,
herzen,обнимать,3,0,
herzlich,сердечно,3,0,
heute,сегодня,1,0,
hey,,9,0,-
hier,здесь,1,0,
hin,туда,1,9,
hinter,за,9,0,-
hinterm,hinter + dem (за — местоположение),9,0,-
hitzelevel,,9,0,-
hoch,вверх,1,0,
hundert,сто,9,0,-
hässlich,уродливый,3,9,
häufig,очень часто,1,9,
hören,слышать,3,0,
ich,,9,0,-
ich arbeite,,9,0,-
ich arbeitete,,9,0,-
ich bin,,9,0,-
ich habe,,9,0,-
ich hatte,,9,0,-
ich lerne,,9,0,-
ich lernte,,9,0,-
ich mache,,9,0,-
ich tanze,,9,0,-
ich war,,9,0,-
ich werde sein (haben),,9,0,-
"ich, er, sie, es; dürfen",,9,0,-
"ich, er, sie, es; können",,9,0,-
"ich, er, sie, es; möchten",,9,0,-
"ich, er, sie, es; mögen",,9,0,-
"ich, er, sie, es; müssen",,9,0,-
"ich, er, sie, es; sollen",,9,0,-
"ich, er, sie, es; wollen",,9,0,-
ie,,9,0,-
ihm,,9,0,-
ihn,,9,0,-
ihnen,,9,0,-
ihr,"Притяжательные Винительный, ср. род, sie_pl",9,0,-
ihr arbeitet,,9,0,-
ihr arbeitetet,,9,0,-
ihr habt,,9,0,-
ihr hattet,,9,0,-
ihr lernt,,9,0,-
ihr lerntet,,9,0,-
ihr macht,,9,0,-
ihr seid,,9,0,-
ihr tanzt,,9,0,-
ihr wart,,9,0,-
ihr werdet sein (haben),,9,0,-
ihr; dürfen,,9,0,-
ihr; können,,9,0,-
ihr; möchten,,9,0,-
ihr; mögen,,9,0,-
ihr; müssen,,9,0,-
ihr; sollen,,9,0,-
ihr; wollen,,9,0,-
ihre,"Притяжательные Винительный, мн. число, sie_pl",9,0,-
ihrem,"Притяжательные Дательный, ср. род, sie_pl",9,0,-
ihren,"Притяжательные Дательный, мн. число, sie_pl",9,0,-
ihrer,"Притяжательные Родительный, мн. число, sie_pl",9,0,-
ihres,"Притяжательные Родительный, ср. род, sie_pl",9,0,-
im,in + dem (в — местоположение),9,0,-
immer,всегда,1,0,
in,(предлог) в / через (со временем),9,0,-
indem,тем что / посредством того что,3,9,
infolge,вследствие,3,9,
innerhalb,в пределах,3,9,
ins,in + das (в — направление),9,0,-
irgendetwas,,9,0,-
irgendwo,где-то,3,9,
ist,,9,0,-
ja,да,1,0,
jeden,,9,0,-
jeder,каждый,1,0,
jemand,кто-то,3,0,
jetzt,сейчас,1,0,
jung,молодой,1,0,
kalt,холодный,3,9,
kannst,,9,0,-
kaufen,покупать,3,0,
kein,никакой / нет,1,0,
keine,,9,0,-
kennen,быть знакомым,3,9,
klar,ясно / конечно,3,0,
klein,маленький,1,0,
klug,умный ,3,9,
kochen,готовить,3,0,
komm,,9,0,-
kommen,"приходить, приезжать",3,0,
kommst,,9,0,-
kontrollieren,контролировать / проверять,3,9,
krank,больной,3,9,
kriegen, получать,3,9,
kurz,короткий,1,0,
können,,9,0,-
lang,длинный,1,0,
lange,долго,1,0,
langsam,медленный,1,0,
lass,позволь / оставь,3,9,
lassen,оставлять / позволять,3,9,
lasst,,9,0,-
laufen,"бегать, ходить",3,9,
laufen - Lauf,,9,0,-
laut,громко,3,0,
leben,жить,3,0,
lecker,вкусный,3,9,
leicht, легкий,3,9,
leider,к сожалению,3,9,
lernen,учить,3,0,
lesen,читать,3,0,
letzte,последний,3,9,
letzter,последний (повторяется),3,9,
lieben,любить,3,0,
links,cлевa [на вопрос «где?»] / на левой стороне / наизнанку / налево / слева,3,9,
los,уходить / отрываться / вперёд!,3,0,
machen,делать,3,0,
mal,раз /-ка (разг. частица),3,0,
malen,рисовать,3,0,
man,кто-то (безлично/неопределённо),3,0,
manchmal,иногда,1,0,
mehr,больше,1,0,
mein,"Притяжательные Винительный, ср. род, ich",9,0,-
mein Buch,,9,0,-
mein Tisch,,9,0,-
meine,"Притяжательные Винительный, мн. число, ich",9,0,-
meine Bücher,,9,0,-
meine Tasche,,9,0,-
meinem,"Притяжательные Дательный, ср. род, ich",9,0,-
meinem Buch,,9,0,-
meinem Tisch,,9,0,-
meinen,"Притяжательные Дательный, мн. число, ich",9,9,-
meinen Büchern,,9,0,-
meinen Tisch,,9,0,-
meiner,"Притяжательные Родительный, мн. число, ich",9,0,-
meiner Bücher,,9,0,-
meiner Tasche,,9,0,-
meines,"Притяжательные Родительный, ср. род, ich",9,0,-
meines Buches,,9,0,-
meines Tisches,,9,0,-
meinst,,9,0,-
mich,,9,0,-
mir,,9,0,-
mit,(предлог) с,9,0,-
mittels,посредством,3,9,
morgen,завтра,1,0,
morgens,по утрам / поутру [разг.] / утром,3,9,
munter,бодрый,3,9,
muss,,9,0,-
musst,,9,0,-
möchten,,9,0,-
mögen,,9,0,-
müde,уставший,3,0,
müssen,,9,0,-
na,,9,0,-
nach,после,9,0,-
nachdem,после того как,3,9,
nachmittags,после обеда [во второй половине дня] / после полудня,3,9,
nachts,ночью / по ночам,3,9,
natürlich,конечно,3,0,
neben,рядом (по соседству) с,1,0,
nebenm,neben + dem (рядом с — местоположение),9,0,-
nebens,neben + das (рядом с — направление),9,0,-
nehmen,брать,3,9,
nein,нет,1,0,
nett,милый,3,0,
neu,новый,1,0,
neun,девятка {ж} / девять,9,0,-
neunzehn,девятнадцать,9,0,-
neunzig,девяносто,9,0,-
nicht,не,1,0,
nichts,ничего,1,0,
nie,никогда,1,0,
niemand,никто,3,0,
noch,ещё,1,0,
nun,теперь,1,9,
nur,только (ограничение; совет),1,0,
nutzen,использовать,3,9,
ob,ли,3,9,
oben,наверху,3,9,
obwohl,хотя,3,9,
oder,или,1,0,
oft,часто,1,0,
ohne,без,9,0,-
"ordentlich, fleißig", прилежный ,3,9,
paar,несколько / пара,3,9,
parken,парковать,3,9,
passieren,происходить,3,9,
per,по (через),3,9,
pf,,9,0,-
prima,отлично,3,0,
pro,"на (в смысле: ""в день"")",3,9,
proben,репетировать,3,0,
pünktlich,вовремя,3,0,
raus,наружу,1,0,
recht,право / правый / прав,3,9,
rechts,вправо [на вопрос «где?»] / справа,3,9,
reden,говорить / беседовать,3,9,
rein,внутрь,1,9,
reinkommen,заходить,3,9,
reparieren,чинить,3,0,
retten,спасать,3,9,
richtig,правильно / верно / правильный,3,9,
rot,красный,3,9,
runter,вниз,1,0,
rücken,ворочать [несов.] [сдвигать с места] / спина {ж} / хребет {м} / надвинуть [сов.],3,9,
sag,,9,0,-
sagen,сказать,3,0,
salzig,солёный,3,9,
sauer,кислый,3,9,
sch,,9,0,-
schade,жаль,3,9,
schaffen,справляться / создавать,3,9,
scharf,острый,3,9,
schauen,смотреть,3,9,
schiff,корабль,3,9,
schlafen,спать,3,0,
schlau,хитрый,3,9,
schlecht,плохо,1,9,
schnell,быстрый,1,0,
schon,уже,1,0,
schreiben,писать,3,9,
schw,,9,0,-
schwarz,вороной / налево [разг.] [незаконно] / чёрный,3,9,
schwer,тяжёлый / сложный,3,9,
schwimmen,плавать,3,9,
schön,красиво,3,0,
sechs,шестёрка {ж} / шесть,9,0,-
sechzehn,шестнадцать,9,0,-
sechzig,шестьдесят,9,0,-
sehen,видеть,3,0,
sehr,очень,1,0,
sein,"Притяжательные Винительный, ср. род, es",9,0,-
seine,"Притяжательные Винительный, мн. число, es",9,0,-
seinem,"Притяжательные Дательный, ср. род, es",9,0,-
seinen,"Притяжательные Дательный, мн. число, es",9,0,-
seiner,"Притяжательные Родительный, мн. число, es",9,0,-
seines,"Притяжательные Родительный, ср. род, es",9,0,-
seit,(длится) начиная с... (в прошлом),9,0,-
selbst,сам,3,9,
selten,редко,1,0,
sich,,9,0,-
sicher,наверняка / безопасно,3,9,
sie,,9,0,-
sie arbeiten,,9,0,-
sie arbeiteten,,9,0,-
sie haben,,9,0,-
sie hatten,,9,0,-
sie lernen,,9,0,-
sie lernten,,9,0,-
sie machen,,9,0,-
sie sind,,9,0,-
sie tanzen,,9,0,-
sie waren,,9,0,-
sie werden sein (haben),,9,0,-
sieben,седмь [устр.] [книжн.] / семёрка {ж} / просеивать [несов.] [через сито] / семь,9,0,-
siebzehn,семнадцать,9,0,-
siebzig,семьдесят,9,0,-
sieh,,9,0,-
sind,,9,0,-
singen,петь,3,0,
sitzen,сидеть,3,0,
so, так / настолько,1,0,
sobald,как только,3,9,
sofern,если только,3,9,
sofort,немедленно,3,9,
solange,пока,1,0,
sollen,,9,0,-
sondern,"а (в значении ""не что то - а что то другое"")",3,9,
soviel,столько,3,9,
sowas,что-то вроде того,3,9,
sp,,9,0,-
spazieren,гулять,3,9,
spielen,играть,3,0,
sprechen,говорить,3,0,
springen - Sprung,,9,0,-
spät,поздно,3,0,
später,позже,3,9,
spülen,мыть,3,9,
st,,9,0,-
stehlen,красть,3,0,
sterben,умирать,3,9,
str,,9,0,-
streng,строгий ,3,9,
studieren,учиться,3,9,
suchen,искать,3,9,
süß,сладкий,3,9,
tanzen,танцевать,3,0,
tausend,тысяча,9,0,-
teuer,дорогой,3,0,
tion,,9,0,-
tja,что ж,1,9,
toll,отлично,3,9,
tot,мертвый,3,0,
tragen,носить,3,0,
traurig,грустный,3,0,
treffen,встречать,3,0,
trennen,отдельно / порознь / раздельный [отдельный],3,9,
trinken,пить,3,0,
trocken,сухой,3,9,
trotzdem,всё же,1,0,
tsch,,9,0,-
tschüss,пока,9,0,-
tun,делать,3,9,
um,вокруг / в (по часам) / о / из-за,9,0,-
ums,um + das (вокруг),9,0,-
und,и,1,0,
uns,,9,0,-
unser,"Притяжательные Винительный, ср. род, wir",9,0,-
unsere,"Притяжательные Винительный, мн. число, wir",9,0,-
unserem,"Притяжательные Дательный, ср. род, wir",9,0,-
unseren,"Притяжательные Дательный, мн. число, wir",9,0,-
unserer,"Притяжательные Родительный, мн. число, wir",9,0,-
unseres,"Притяжательные Родительный, ср. род, wir",9,0,-
unten,внизу,3,9,
unter,под,9,0,-
unter's,"unter + das (под — направление, разговорное)",9,0,-
unterm,unter + dem (под — местоположение),9,0,-
vergessen,забывать,3,0,
verkaufen,продавать,3,9,
verstecken,прятать,3,9,
versuchen,пытаться / пробовать,3,9,
viel,много,1,0,
vieler,,9,0,-
vielleicht,возможно / может быть,3,9,
vier,четвёрка {ж} / четыре,9,0,-
vierzehn,четырнадцать,9,0,-
vierzig,сорок,9,0,-
vom,"von + dem (от, с)",9,0,-
von,от,9,0,-
vor,перед,9,0,-
voran,вперёд,3,9,
voraussichtlich,предположительно / вероятно,3,9,
vorgestern,позавчера,1,0,
vorm,vor + dem (перед — местоположение),9,0,-
vors,vor + das (перед — направление),9,0,-
wachsen,расти,3,9,
wahr,правда / истинный,3,9,
wandern, путешествовать,3,9,
wann,когда,1,0,
war,,9,0,-
warm,тёплый,3,9,
warst,,9,0,-
warten,ждать,3,9,
warum,почему,9,0,-
was,что,1,0,
waschen,"мыть, стирать",3,0,
weder noch, парный союз: ни это ни то,1,9,
weg,прочь,1,0,
wegen,из-за,1,9,
weil,потому что,3,9,
weinen,плакать,3,0,
weiter,дальше,1,0,
wem,кому,1,0,
wen,кого,1,0,
wenig,мало,1,0,
weniger,меньше,1,0,
wenn,если / когда,3,9,
wer,кто,1,0,
werde,,9,0,-
werden,становиться,3,9,
weshalb,по какой причине,9,0,-
wessen,чей,1,0,
weswegen,из-за чего,9,0,-
wichtig,важно / важный / знаменательный / значимый / насущно,3,9,
wie,как,1,0,
wieder,снова,3,9,
wieso,почему (разг. как „warum“),9,0,-
wieviele,сколько (во множественном числе),3,9,
willen,ради,3,9,
willkommen,добро пожаловать,9,0,-
willst,,9,0,-
wir,,9,0,-
wir arbeiten,,9,0,-
wir arbeiteten,,9,0,-
wir haben,,9,0,-
wir hatten,,9,0,-
wir lernen,,9,0,-
wir lernten,,9,0,-
wir machen,,9,0,-
wir sind,,9,0,-
wir tanzen,,9,0,-
wir waren,,9,0,-
wir werden sein (haben),,9,0,-
"wir, sie, Sie; dürfen",,9,0,-
"wir, sie, Sie; können",,9,0,-
"wir, sie, Sie; möchten",,9,0,-
"wir, sie, Sie; mögen",,9,0,-
"wir, sie, Sie; müssen",,9,0,-
"wir, sie, Sie; sollen",,9,0,-
"wir, sie, Sie; wollen",,9,0,-
wird,,9,0,-
wirklich,действительно,3,0,
wirst,,9,0,-
wissen,знать о чём-то,3,9,
wo,где,9,0,-
woan (австр./бавар.),во что,9,0,-
wobei,при чём / во время чего,9,0,-
wodurch,через что / посредством чего,9,0,-
wofür,для чего,9,0,-
wogegen,против чего,9,0,-
woher,откуда,9,0,-
wohin,куда,9,0,-
wohl,пожалуй / вероятно,3,9,
wohnen,жить (проживать в городе),3,0,
wollen,,9,0,-
womit,с чем / с помощью чего,9,0,-
wonach,после чего / чему,9,0,-
woran, о чём,9,0,-
worauf,на чём / на что,9,0,-
woraus,из чего / откуда,9,0,-
worin,в чём,9,0,-
worum,о чём / Из-за чего,9,0,-
worunter,под чем,9,0,-
worüber,о чём / над чем,9,0,-
wovon,от чего / о чём,9,0,-
wozu,для чего / зачем,9,0,-
zahlen,платить / цифры,3,9,
zehn,"десятка {ж} [цифра; игральная карта; о трамвае, автобусе и т. п.] / десять",9,0,-
zu,слишком,9,0,-
zuerst,сначала,1,0,
zuhause,дОма,3,0,
zuletzt / schließlich,в конце концов,1,0,
zum,zu + dem (к),9,0,-
zur,zu + der (к — жен. род),9,0,-
zurück,обратно,1,0,
zusammen,вместе,3,0,
zwanzig,двадцать,9,0,-
zwei,,9,0,-
zwischen,между,9,0,-
zwölf,двенадцать,9,0,-
~answer_language,,9,0,-
~forward,False,9,0,-
~pause,,9,0,-
~question_language,,9,0,-
~reverse,True,9,9,-
Ä,,9,0,-
Ärztin,,9,0,-
Ö,,9,0,-
Österreich,Австрия,3,0,
Ü,,9,0,-
äu,,9,0,-
über,над,9,0,-
überm,über + dem (над — местоположение),9,0,-
übermorgen,послезавтра,1,0,
übern,"über + den (над — муж. род, Akk.)",9,0,-
übers,über + das (над — направление),9,0,-
Анна берет шоколад.,,9,0,-
Анна едет на вокзал. (Dativ),,9,0,-
Анна ищет квартиру.,,9,0,-
Бабушка покупает куклу.,,9,0,-
Берет ли она телефон?,,9,0,-
Берлин — (один) большой город.,,9,0,-
Билеты не покупают.,,9,0,-
Блузка подходит ей.,,9,0,-
Брат придёт через час. (Dativ),,9,0,-
Вам (ihr) можно говорить громко.,,9,0,-
Вам (ihr) следует сделать домашнюю работу.,,9,0,-
Вам (формально) следует помочь.,,9,0,-
Ваш (ihr) отец врач.,,9,0,-
Ваш автомобиль быстрый.,,9,0,-
Ваш будильник звонит в 6 часов.,,9,0,-
Ваш ребёнок плачет слишком громко.,,9,0,-
Ваше мнение важное.,,9,0,-
Ваши дома красивые,,9,0,-
Ваши родители учителя?,,9,0,-
Вечером я иду в театр. (Akkusativ),,9,0,-
Видит ли он комнату?,,9,0,-
Висят на телефоне.,,9,0,-
"Водка горькая, шампанское кислое, пиво холодное. ",,9,0,-
Воспитатель помогает ему.,,9,0,-
Врач тебя обследует.,,9,0,-
Все сидят вокруг стола. (Akkusativ),,9,0,-
Встает ли он рано?,,9,0,-
Вы (Sie) звоните ему.,,9,0,-
Вы (Sie) рассказываете ее историю.,,9,0,-
Вы (Sie) ставите свой чемодан.,,9,0,-
Вы (ihr) готовитесь к празднику в офисе? ,,9,0,-
Вы (ihr) показываете свою фотографию.,,9,0,-
Вы (неформально) можете (нету запрещающего знака) припарковать машину тут.,,9,0,-
Вы (неформально) пишете красиво.,,9,0,-
Вы (неформально) рекомендуете мало.,,9,0,-
Вы (уваж.) знаете женщину.,,9,0,-
Вы (формально) должны прийти вовремя.,,9,0,-
Вы (формально) ездите медленно.,,9,0,-
Вы (формально) заказываете пиццу.,,9,0,-
Вы (формально) много помогаете.,,9,0,-
Вы (формально) можете заходить.,,9,0,-
Вы (формально) помогаете нам (uns).,,9,0,-
Вы (формально) приходите поздно.,,9,0,-
Вы говорите много.,,9,0,-
Вы делаете домашнюю работу.,,9,0,-
Гарри не плавает сегодня.,,9,0,-
Где Вы (формально) живете?,,9,0,-
Где находится многоэтажный дом? ,,9,0,-
Где он остается?,,9,0,-
Где я могу найти кинотеатр?,,9,0,-
Географичиские названия,,9,0,-
Дают кредит.,,9,0,-
Девочка едет сейчас.,,9,0,-
Девочка звонит своей матери.,,9,0,-
Девочка носит кролика.,,9,0,-
Девочка поет песню.,,9,0,-
Девочка покупает еду для кошки. (Akkusativ),,9,0,-
"Девочка покупает рыбу, молоко, лимонад и курочку.",,9,0,-
Девочка сосредотачивается на домашних заданиях.,,9,0,-
Девочка стирает платье.,,9,0,-
Девочка учит слова.,,9,0,-
Девочка хочет куклу.,,9,0,-
Девочке следует учить слова.,,9,0,-
День рождения твоего отца - весной.,,9,0,-
Десерт приходится мне по вкусу.,,9,0,-
Дети идут в школу.,,9,0,-
Дети не умеют читать.,,9,0,-
Дети падают часто.,,9,0,-
Дети растут быстро.,,9,0,-
Для подруги работа не сложная. (Akkusativ),,9,0,-
Друг замечает это.,,9,0,-
Друг играет.,,9,0,-
Друзья бегают много.,,9,0,-
Друзья могут приехать.,,9,0,-
Друзья приезжают вовремя.,,9,0,-
Друзья сегодня уставшие.,,9,0,-
Друзья становятся популярными.,,9,0,-
Его дети уже выросли.,,9,0,-
Его друг идёт в кино.,,9,0,-
Его жена бедная.,,9,0,-
Его сестра усталая.,,9,0,-
Его сестре 34 года.,,9,0,-
Его собака больная.,,9,0,-
Едят корм.,,9,0,-
Ее брат небогат.,,9,0,-
Ее нужно завтра встретить.,,9,0,-
Ездят на велосипеде на работу.,,9,0,-
Ей нельзя поздно гулять.,,9,0,-
Ей следует похудеть.,,9,0,-
"Ей следует сейчас поспешить, так как она может опоздать.",,9,0,-
Ему следует больше заботиться о своих близких. ,,9,0,-
Ему следует больше спать.,,9,0,-
Её мама покупает дом.,,9,0,-
Её муж богатый.,,9,0,-
Её платье длинное и красивое.,,9,0,-
Журналист пишем вам (ihr).,,9,0,-
Здесь не разрешают курить.,,9,0,-
Здесь стоит (какой-то) стол.,,9,0,-
Здесь удивляют вкусными блюдами.,,9,0,-
Знаешь ли ты улицу?,,9,0,-
Знакомый возражает ему.,,9,0,-
Золото дорогое. Серебро доступное (по цене).,,9,0,-
Из какой ты страны?,,9,0,-
Ирина не имеет детей,,9,0,-
Их дом (находится / есть) в деревне.,,9,0,-
Ищете ли вы квартиру?,,9,0,-
Как Вас зовут?,,9,0,-
Как Вы(формально) думаете?,,9,0,-
Как называется страна?,,9,0,-
Как поживает ребенок?,,9,0,-
Какая блузку тебе нужна? Тебе нужна эта блузка.,,9,0,-
Какая девочка его дочь?,,9,0,-
Какая команда популярная? Эта команда популярная.,,9,0,-
Какая комната большая и какая маленькая? - Welches Zimmer ist groß und welches ist klein?,,9,0,-
Какая лампа стоит много? Эта лампа стоит много.,,9,0,-
Какая лестница опасна? Эта лестница опасная.,,9,0,-
Какая собака играет «Комиссара Рекса»?,,9,0,-
Какая теория правильная? Эта теория правильная.,,9,0,-
Какие брюки они покупают в магазине? Эти брюки они покупают в магазине.,,9,0,-
Какие дети играют в теннис?,,9,0,-
Какие книги ты охотно читаешь?,,9,0,-
Какие очки мне подходят? Эти очки мне подходят.,,9,0,-
Какие сериале нравятся Анне?,,9,0,-
Какие сладости едят дети охотно? Эти сладости едят дети охотно.,,9,0,-
Какие сладости он покупает?,,9,0,-
Какие учителя работают онлайн?,,9,0,-
Какие фотографии они смотрят? Эти фотографии они смотрят.,,9,0,-
Какое видео присылает мальчик? Это видео присылает мальчик.,,9,0,-
Какое обследование сейчас необходимо? Это обследование сейчас необходимо.,,9,0,-
Какое правило изучает ученик? Это правило изучает ученик.,,9,0,-
Какое расписание они планируют? Это расписание они планируют.,,9,0,-
Какое упражнение сложное? Это упражнение сложное.,,9,0,-
Какое цепочка красивая? Эта цепочка красивая.,,9,0,-
Какой актёр выиграет Оскар?,,9,0,-
Какой велосипед старый? Этот велосипед старый.,,9,0,-
Какой девочке он дарит куклу? Этой девочке он дарит куклу.,,9,0,-
Какой женщине ты это присылаешь? Этой женщине ты присылаешь это.,,9,0,-
Какой ковер лежит здесь? Этот ковер лежит здесь.,,9,0,-
Какой костюм ты меряешь? Ты меряешь этот костюм.,,9,0,-
Какой кофе ты пьёшь?,,9,0,-
Какой магазин тебе нравится?,,9,0,-
Какой прогноз погоды неправильный? Этот прогноз погоды неправильный.,,9,0,-
Какой разговор мы слышим сейчас? Этот разговор мы слышим сейчас.,,9,0,-
Какой собаке он дает эту еду? Этой собаке он дает еду.,,9,0,-
Какой студент тут сидит?,,9,0,-
Какой торт вкусный? Этот торт вкусный.,,9,0,-
Какой фильм сегодня в кино?,,9,0,-
Какой фильм ты считаешь интересным? Этот фильм ты считаешь интересным.,,9,0,-
Какой цвет яркий? Этот цвет яркий.,,9,0,-
Какой чемодан он здесь ищет? Этот чемодан он ищет здесь.,,9,0,-
Какой школьный предмет ты считаешь интересным? Этот школьный предмет ты считаешь интересным.,,9,0,-
Какому продавцу он звонит? Он звонит этому продавцу.,,9,0,-
Какому ребенку ты покупаешь книгу? Этому ребенку ты покупаешь книгу.,,9,0,-
Какую газету он читает?,,9,0,-
Какую обувь продает девочка? Эту обувь продает девочка.,,9,0,-
Какую рубашку носят они часто? Эту рубашку они носят часто.,,9,0,-
Какую сумку мы берем обязательно? Эту сумку мы берем обязательно. — Welche Tasche nehmen wir unbedingt? Diese Tasche nehmen wir unbedingt.,,9,0,-
Катя не должна делать домашнее задание. ,,9,0,-
Клиент копирует их.,,9,0,-
Книга у подруги. (Dativ),,9,0,-
Когда ваш племянник приедет в Вену?,,9,0,-
Когда я увижу своего друга?,,9,0,-
Кого? Детей,,9,0,-
Кого? Женщину,,9,0,-
Кого? Мужчину,,9,0,-
Кого? Ребёнка,,9,0,-
Кому он должен помочь сегодня?,,9,0,-
Кому? Детям,,9,0,-
Кому? Женщине,,9,0,-
Кому? Мужчине,,9,0,-
Кому? Ребёнку,,9,0,-
Кофе без сахара горький. (Akkusativ),,9,0,-
Кошка дает ребенку собаку. Неопределенные артикли.,,9,0,-
Кошка дает ребенку собаку. Определенные артикли.,,9,0,-
Кошка дает родителей собаки ребенку. Неопределенные артикли.,,9,0,-
Кошка дает родителей собаки ребенку. Определенные артикли.,,9,0,-
Кошка дает собаке ребенка. Неопределенные артикли.,,9,0,-
Кошка дает собаке ребенка. Определенные артикли.,,9,0,-
Кошка должна остаться дома.,,9,0,-
Кошка ловит мышку.,,9,0,-
Кошка остается дома.,,9,0,-
"Кресла новые, но диваны старые.",,9,0,-
Кровать большая.,,9,0,-
Кто это заказывает?,,9,0,-
Кто? Дети,,9,0,-
Кто? Женщина,,9,0,-
Кто? Мужчина,,9,0,-
Кто? Ребёнок,,9,0,-
Куда вы пойдете гулять завтра?,,9,0,-
Куда они идут вместе?,,9,0,-
Кукла очень дорогая.,,9,0,-
Курение плохо для здоровья. ,,9,0,-
Ловят рыбу в реке.,,9,0,-
Любовь живёт сегодня онлайн.,,9,0,-
Люди говорят много.,,9,0,-
Люди идут через лес. (Akkusativ),,9,0,-
Люди пишут письма.,,9,0,-
Люди часто встречают кошку.,,9,0,-
Мальчик крадет часто.,,9,0,-
Мальчик посещает Вас (Sie).,,9,0,-
Мальчик становится большим.,,9,0,-
Мальчик хочет играть.,,9,0,-
Мама готовит ужин.,,9,0,-
Мама едет в Мюнхен. (Dativ),,9,0,-
Мама ест пирог.,,9,0,-
Мама не может читать без очков.,,9,0,-
Мама не покупает продукты.,,9,0,-
Мама не умеет плавать.,,9,0,-
Мария должна пойти к директору.,,9,0,-
Мария идёт на почту. (Dativ),,9,0,-
Маркус всегда в плохом настроении (дословно: Маркус никогда не имеет хорошее настроение).,,9,0,-
Маркус должен купить машину.,,9,0,-
Медсестра рекомендует ему.,,9,0,-
Меряют температуру.,,9,0,-
Механик чинит его.,,9,0,-
Мечтают о путешествиях.,,9,0,-
"Миша учит немецкий, а Костя учит испанский.",,9,0,-
Мне нравится пицца.,,9,0,-
Мне нравится это.,,9,0,-
Моем ли мы посуду?,,9,0,-
Мои друзья скучные.,,9,0,-
Мои книги в шкафу.,,9,0,-
Мои родители никогда не разрешают.,,9,0,-
Мой парень любит плавать летом.,,9,0,-
Моя квартира не большая.,,9,0,-
Музейные брошюры любят читать.,,9,0,-
Мы возвращаемся из школы.,,9,0,-
Мы вышли из ресторана. (Dativ),,9,0,-
Мы должны рано вставать.,,9,0,-
Мы едем на автобусе.,,9,0,-
Мы живем в Австрии.,,9,0,-
Мы завтракаем вместе.,,9,0,-
Мы идём в кино.,,9,0,-
Мы идём играть в теннис.,,9,0,-
Мы моемся утром и вечером. ,,9,0,-
Мы не много бегаем.,,9,0,-
Мы пишем его номер телефона.,,9,0,-
Мы поем громко.,,9,0,-
Мы прощаем тебя.,,9,0,-
Мы сейчас в Австрии.,,9,0,-
Мы спрашиваем нашу подругу.,,9,0,-
Мы учимся до мая. (Akkusativ),,9,0,-
Мы хотим жить в Австрии.,,9,0,-
Мы читаем «Гарри Поттера» Джоан Роулинг. (Dativ),,9,0,-
Мы читаем красиво.,,9,0,-
На каких языках ты говоришь? (дословно: Какие языки говоришь ты),,9,0,-
На какой женщине ты женишься? (дословно: Какая женщина женишься ты?),,9,0,-
На каком языке ты говоришь?,,9,0,-
На меню в кафе заявляют претензию.,,9,0,-
На стоянке сигналят.,,9,0,-
Начальник подписывает это.,,9,0,-
Наш внук осенью пойдет в первый класс.,,9,0,-
Наша собака чёрная.,,9,0,-
Не стоит всё преувеличивать.,,9,0,-
"Небо яркое (светлое), облако серое, дуб зелёный.",,9,0,-
Недвижимость дорогая.,,9,0,-
Необходимо к нему обратиться.,,9,0,-
Необходимо подготовиться к празднику.,,9,0,-
Необходимо проверить проекты в офисе.,,9,0,-
Необходимо тормозить перед светофором.,,9,0,-
Никого нет дома.,,9,0,-
Николь встречается с Марком в 11 часов. (Akkusativ),,9,0,-
Носки новые.,,9,0,-
Нуждаются в отдыхе.,,9,0,-
Обещают дождь завтра.,,9,0,-
Обращают внимание на законы.,,9,0,-
Он берет свой паспорт.,,9,0,-
Он видит хорошо.,,9,0,-
Он дарит куклы своим сёстрам.,,9,0,-
Он знает ее.,,9,0,-
Он идёт к врачу.,,9,0,-
Он из Германии. У него есть там семья.,,9,0,-
Он исправляет ошибки в ее тексте. Она благодарит его за помощь.,,9,0,-
Он красиво рисует.,,9,0,-
Он ловит кошку.,,9,0,-
Он не должен ждать (ему не обязательно).,,9,0,-
Он не хитёр.,,9,0,-
Он очень уставший.,,9,0,-
Он поздравляет Вас (Sie).,,9,0,-
Он покупает квартиру.,,9,0,-
Он покупает мне новые наушники. ,,9,0,-
Он приветствует своего учителя.,,9,0,-
Он приносит мой стакан.,,9,0,-
Он советует Вам (Sie).,,9,0,-
Он стоит у двери.,,9,0,-
Он у врача. (Dativ),,9,0,-
Он угрожает мне.,,9,0,-
Он умеет играть на пианино.,,9,0,-
Он хороший работник.,,9,0,-
Он читает книгу.,,9,0,-
Она благодарит ее.,,9,0,-
Она видит тебя.,,9,0,-
Она говорит на немецком?,,9,0,-
Она даёт напиток.,,9,0,-
Она доверяет мне.,,9,0,-
Она живёт в Берлине.,,9,0,-
Она живёт у подруги.,,9,0,-
Она идет быстро.,,9,0,-
Она идёт против правил.,,9,0,-
"Она иногда вспоминает о школьных годах, когда просматривает старые фотографии.",,9,0,-
Она может хорошо танцевать.,,9,0,-
Она не родом из Франции.,,9,0,-
Она не читает книги.,,9,0,-
Она носит часы.,,9,0,-
Она падает часто.,,9,0,-
Она продает свой дом.,,9,0,-
Она хорошо танцует.,,9,0,-
Она хочет спать.,,9,0,-
Она читает наше сообщение.,,9,0,-
Они идут через лес.,,9,0,-
Они ищут их сумку.,,9,0,-
Они позволяют себе много хороших вещей.,,9,0,-
Они пьют молоко?,,9,0,-
Они станут знаменитыми.,,9,0,-
Они стирают вещи.,,9,0,-
Они читают его книги.,,9,0,-
Осматривают достопримечательности в городе.,,9,0,-
Отвечают на вопрос.,,9,0,-
Откуда вы идете?,,9,0,-
Папа моет кошку.,,9,0,-
Папа не голоден.,,9,0,-
Папа покупает хлеб. (Akkusativ),,9,0,-
Папа чинит машину.,,9,0,-
Паспорта старые.,,9,0,-
Пекут пироги и торты.,,9,0,-
Письмо от моей бабушки.,,9,0,-
По утрам я пью томатный сок и ем хлеб с вареньем (мармеладом).,,9,0,-
Погода сегодня плохая.,,9,0,-
Подруга грустная.,,9,0,-
Полицейский ищет ее.,,9,0,-
Получаете ли вы (ihr) документ?,,9,0,-
Помогают бездомным.,,9,0,-
После урока мы идём в парк.,,9,0,-
Почему он здесь сидит?,,9,0,-
Почему они стыдятся? ,,9,0,-
Почему ты читаешь газету?,,9,0,-
Придерживаются диеты.,,9,0,-
Приносят ли они зонт?,,9,0,-
Проверяют проекты в бюро.,,9,0,-
Продает ли она дом?,,9,0,-
Продукты в магазине дешевые.,,9,0,-
Прохожий описывает ее.,,9,0,-
Разрешается декорировать помещения.,,9,0,-
Растут почти целый год.,,9,0,-
Ребенок дает кошке собаку. Неопределенные артикли.,,9,0,-
Ребенок дает кошке собаку. Определенные артикли.,,9,0,-
Ребенок дает кошку родителей собаке. Неопределенные артикли.,,9,0,-
Ребенок дает кошку родителей собаке. Определенные артикли.,,9,0,-
Ребенок дает собаке кошку. Неопределенные артикли.,,9,0,-
Ребенок дает собаке кошку. Определенные артикли.,,9,0,-
Ребенок спрашивает нас.,,9,0,-
Рекомендуют больше воды летом.,,9,0,-
Ремонтируют железную дорогу.,,9,0,-
Ресторан маленький.,,9,0,-
Ресторан хороший. У них есть лосось.,,9,0,-
Родители дают собаку ребенка кошке. Неопределенные артикли.,,9,0,-
Родители дают собаку ребенка кошке. Определенные артикли.,,9,0,-
Родители заказывают цветы для бабушки,,9,0,-
Родители не поедут в Германию.,,9,0,-
Родители помогают много.,,9,0,-
Родители прячут подарки.,,9,0,-
Родители пьют пиво.,,9,0,-
Родителям можно пить пиво.,,9,0,-
США – государство. ,,9,0,-
Сегодня небо тёмное.,,9,0,-
Сегодня я иду в кино.,,9,0,-
Сестра моет сейчас кошку.,,9,0,-
Сестра не умеет читать.,,9,0,-
Сестра плачет.,,9,0,-
Сидит ли он здесь?,,9,0,-
Сколько стоит машина?,,9,0,-
Скрипка – прекрасный инструмент.,,9,0,-
Сладости едят каждый день.,,9,0,-
Следует выключать мобильные телефоны в кино.,,9,0,-
Следует защищать окружающую среду.,,9,0,-
Следует носить теплую одежду зимой.,,9,0,-
Следует сообщить об изменениях.,,9,0,-
Собака дает кошке ребенка. Неопределенные артикли.,,9,0,-
Собака дает кошке ребенка. Определенные артикли.,,9,0,-
Собака дает ребенка кошки родителям. Неопределенные артикли.,,9,0,-
Собака дает ребенка кошки родителям. Определенные артикли.,,9,0,-
Собака дает ребенку кошку. Неопределенные артикли.,,9,0,-
Собака дает ребенку кошку. Определенные артикли.,,9,0,-
Собака сидит.,,9,0,-
Собака служит ему.,,9,0,-
Солнце яркое.,,9,0,-
Сотрудники находят его.,,9,0,-
Сотрудники соглашаются с вами (ihr).,,9,0,-
Стирают одежду.,,9,0,-
Студенты не должны здесь курить.,,9,0,-
Студенты сегодня прилежные.,,9,0,-
Считаете ли Вы город красивым?,,9,0,-
Сыновья красивые и дочери умные.,,9,0,-
Твои газеты новые.,,9,0,-
Твои родители тоже родом из России?,,9,0,-
Твой подарок прекрасен.,,9,0,-
Твой торт холодный.,,9,0,-
Твоя одежда слишком короткая.,,9,0,-
Тебе можно слушать музыку.,,9,0,-
Тебе нельзя кушать много.,,9,0,-
Турист платит ему.,,9,0,-
Тут Вы (формально) можете купить воду.,,9,0,-
Ты бегаешь быстро.,,9,0,-
Ты болен. Ты можешь не идти в школу.,,9,0,-
Ты всегда всё забываешь.,,9,0,-
Ты встречаешь меня.,,9,0,-
"Ты двигаешься очень мало, поэтому ты чувствуешь себя плохо.",,9,0,-
Ты должен учиться.,,9,0,-
Ты должна постирать платье.,,9,0,-
Ты дома.,,9,0,-
Ты ешь бутерброд?,,9,0,-
Ты пишешь объявление?,,9,0,-
Ты покупаешь платье для мамы.,,9,0,-
Ты прекрасна как цветок.,,9,0,-
Ты слушаешь музыку.,,9,0,-
Ты спишь мало.,,9,0,-
Ты спишь часто.,,9,0,-
Ты уже представляешь себе это место? ,,9,0,-
Ты уже читаешь сообщение?,,9,0,-
Ты фотографируешь меня.,,9,0,-
Ты часто смотришь в (in) книгу.,,9,0,-
Ты читаешь газету?,,9,0,-
У Вас (формально) есть дом. Он дорогой.,,9,0,-
У Вас (формально) есть молоко.,,9,0,-
У вас (формально) есть еще один телефонный номер?,,9,0,-
У вас есть время.,,9,0,-
У кошки есть кровать.,,9,0,-
У меня есть кошка. Она маленькая.,,9,0,-
У меня нет друзей.,,9,0,-
У нас есть работа.,,9,0,-
У нас мало лосося.,,9,0,-
У нас нет книг.,,9,0,-
У нашего учителя сегодня день рождения.,,9,0,-
У него есть машина. Машина новая.,,9,0,-
У него есть носки. Они дорогие.,,9,0,-
У него нет (никакого) подарка для неё.,,9,0,-
У нее есть кукла. Она красивая.,,9,0,-
У нее много друзей.,,9,0,-
У нее хорошие оценки в школе. Мы радуемся за нее.,,9,0,-
У них есть друзья. Друзья взрослые.,,9,0,-
У них есть кровать. Она большая.,,9,0,-
У ребенка есть кукла. Кукла милая.,,9,0,-
У ребенка есть учительница.,,9,0,-
Уже поздно.,,9,0,-
Уроки уже очень длинные.,,9,0,-
Ученики умные.,,9,0,-
Учитель говорит мне.,,9,0,-
Учитель устал. У него много уроков.,,9,0,-
Хотел ли бы ты к нам подать заявление на работу?,,9,0,-
Хотят посетить музеи.,,9,0,-
"Цвета, языкиб буквы, ноты, ед.изм.",,9,0,-
Чай с сахаром слишком сладкий. (Dativ),,9,0,-
Часто падают.,,9,0,-
Чей? Детей,,9,0,-
Чей? Женщины,,9,0,-
Чей? Мужчины,,9,0,-
Чей? Ребёнка,,9,0,-
Чемодан принадлежит нам.,,9,0,-
Что вы (ihr) делаете вместе?,,9,0,-
Что готовит женщина?,,9,0,-
Что делает девочка?,,9,0,-
Что она читает?,,9,0,-
Что они едят?,,9,0,-
Что ты говоришь сейчас?,,9,0,-
Что ты здесь ищешь?,,9,0,-
Что ты собственно говоря делаешь сейчас? Я смотрю телевизионное шоу. ,,9,0,-
Школьник выполняет его.,,9,0,-
Школьник интересуется наукой.,,9,0,-
Эта газета новая.,,9,0,-
Эта девочка не его дочь.,,9,0,-
Эта женщина очень хорошо поёт.,,9,0,-
Эта комната большая.,,9,0,-
Эти книги пишет Набоков.,,9,0,-
Эти учителя работают онлайн.,,9,0,-
Эти фильмы не плохие.,,9,0,-
Эти языки прекрасны.,,9,0,-
Это (какое-то) здание. Здание уродливое.,,9,0,-
Это (какой-то) ученик.,,9,0,-
Это (какой-то) цветок. Цветок красивый.,,9,0,-
Это ваза. (Эта) ваза новая.,,9,0,-
Это комната. (Эта) комната маленькая и уродливая.,,9,0,-
Это моя книга.,,9,0,-
Это не девочки.,,9,0,-
Это не мальчик.,,9,0,-
Это не сок.,,9,0,-
Это не цветок.,,9,0,-
Это не шоколад.,,9,0,-
Это письмо от папы. (Dativ),,9,0,-
Это подарок для ребёнка.,,9,0,-
Это стол. Стол красивый.,,9,0,-
Это цветок для Сабрины. (Akkusativ),,9,0,-
Этот автомобиль дорогой.,,9,0,-
Этот актёр – Брэд Питт.,,9,0,-
Этот дом слишком старый.,,9,0,-
Этот магазин закрывается.,,9,0,-
Этот ребёнок идёт в бассейн.,,9,0,-
Этот ученик не мой друг.,,9,0,-
Этот фильм делает Тарантино.,,9,0,-
Этот человек очень спортивный. Он питается сбалансированно. ,,9,0,-
"Я бреюсь неправильно, поэтому у меня проблемная кожа.",,9,0,-
"Я вижу около холодильника бутылку шампанского, пиво, чай, кофе и газету. ",,9,0,-
Я дарю маме шоколад. (Dativ),,9,0,-
Я должен идти.,,9,0,-
"Я должен одеваться тепло, так как я очень часто простужаю себе горло. Я простужаюсь легко.",,9,0,-
Я должен работать.,,9,0,-
Я ем всё без соли. (Akkusativ),,9,0,-
Я ем суп.,,9,0,-
Я иду без куртки.,,9,0,-
Я иду по улице. (Akkusativ),,9,0,-
Я каждый день играю на пианино.,,9,0,-
Я мою себе руки. ,,9,0,-
Я не вижу кошек (дословно: я вижу никаких кошек).,,9,0,-
Я не иду в кино.,,9,0,-
Я не приду сегодня.,,9,0,-
Я не слышу радио.,,9,0,-
Я не смотрю это видео.,,9,0,-
Я не устал. ,,9,0,-
Я не хочу есть.,,9,0,-
Я не хочу пить минеральную воду.,,9,0,-
Я ничего не пью.,,9,0,-
Я перехожу улицу на зелёный свет (дословно: у зелёного цвета я перехожу улицу). ,,9,0,-
Я пишу книгу.,,9,0,-
Я пишу шариковой ручкой. (Dativ),,9,0,-
Я поливаю цветы.,,9,0,-
Я получаю зарплату.,,9,0,-
Я помогаю мало.,,9,0,-
Я посещаю моего врача. — Ich besuche meinen Arzt.,,9,0,-
Я приду после занятия. (Dativ),,9,0,-
Я пью кофе без молока и сахара. (Akkusativ),,9,0,-
Я работаю много.,,9,0,-
Я работаю с сентября. (Dativ),,9,0,-
Я хотел бы сок (в ресторане).,,9,0,-
Я хочу завтракать.,,9,0,-
Я хочу купить мороженое.,,9,0,-
Я читаю много книг.,,9,0,-
Яблоко с дерева. (Dativ),,9,0,-
англицизмы *,,9,0,-
бегать,,9,0,-
бежать,,9,0,-
без книги,,9,0,-
без людей,,9,0,-
без отца,,9,0,-
без сестры,,9,0,-
бить,,9,0,-
бить ключом,,9,0,-
большинство,,9,0,-
"бороться, добиваться",,9,0,-
бранить,,9,0,-
брать,,9,0,-
браться (за что-л.),,9,0,-
бродить,,9,0,-
быть,,9,0,-
быть знакомым,,9,0,-
в город,,9,0,-
в комнату,,9,0,-
в парк,,9,0,-
в страны,,9,0,-
в(к) гости,,9,0,-
в(к) гостиницу,,9,0,-
взвешивать,,9,0,-
висеть,,9,0,-
вокруг деревьев,,9,0,-
вокруг дома,,9,0,-
вокруг лампы,,9,0,-
вокруг стола,,9,0,-
вонять,,9,0,-
воровать,,9,0,-
встречать,,9,0,-
вы едете,,9,0,-
вы едите,,9,0,-
выздоравливать,,9,0,-
выигрывать,,9,0,-
выплёвывать,,9,0,-
выравнивать,,9,0,-
гладить,,9,0,-
гнать,,9,0,-
гнуть,,9,0,-
говорить,,9,0,-
гореть,,9,0,-
"грузить, приглашать",,9,0,-
давать,,9,0,-
"двигать, толкать",,9,0,-
делать,,9,0,-
"деревья, цветы, травы",,9,0,-
держать,,9,0,-
для друзей,,9,0,-
для жены,,9,0,-
для мужа,,9,0,-
для ребенка,,9,0,-
доить,,9,0,-
долженствовать,,9,0,-
думать,,9,0,-
"думать, размышлять",,9,0,-
дуть,,9,0,-
ездить верхом,,9,0,-
"есть, кушать",,9,0,-
"ехать, ездить",,9,0,-
жарить,,9,0,-
"жрать, лопать",,9,0,-
за зданиями,,9,0,-
за полкой,,9,0,-
за стеной,,9,0,-
за шкафом,,9,0,-
забывать,,9,0,-
закрывать,,9,0,-
замерзать,,9,0,-
звенеть,,9,0,-
знать о чём-то,,9,0,-
"идти, ходить",,9,0,-
из зданий,,9,0,-
из комнаты,,9,0,-
из машины,,9,0,-
из школы,,9,0,-
избегать,,9,0,-
измерять,,9,0,-
иметь,,9,0,-
к врачу,,9,0,-
к матери,,9,0,-
"качать, весить",,9,0,-
кидать,,9,0,-
"кидать, бросать",,9,0,-
клясться,,9,0,-
колоть,,9,0,-
копать,,9,0,-
красться,,9,0,-
кричать,,9,0,-
"кричать, звать",,9,0,-
кусать,,9,0,-
лгать,,9,0,-
лежать,,9,0,-
летать,,9,0,-
"лить, наливать",,9,0,-
ловить,,9,0,-
лопнуть,,9,0,-
"любить, хотеть",,9,0,-
"махать, размахивать",,9,0,-
между домами,,9,0,-
между окном,,9,0,-
между стеной,,9,0,-
между стульями,,9,0,-
молотить,,9,0,-
молоть,,9,0,-
молчать,,9,0,-
мотать,,9,0,-
мочь,,9,0,-
мочь (иметь разрешение),,9,0,-
"мы, они, Вы едем/едете",,9,0,-
"мы, они, Вы едим/едите",,9,0,-
мыть,,9,0,-
на границы,,9,0,-
на диване,,9,0,-
на крыше,,9,0,-
на окно,,9,0,-
на пляж,,9,0,-
на стену,,9,0,-
на стуле,,9,0,-
на улице,,9,0,-
на(у) концерте,,9,0,-
называть,,9,0,-
называться,,9,0,-
наслаждаться,,9,0,-
находить,,9,0,-
начинать,,9,0,-
не удаваться,,9,0,-
неодносложные слова: die *,,9,0,-
носить,,9,0,-
нюхать,,9,0,-
обвивать,,9,0,-
обманывать,,9,0,-
одалживать,,9,0,-
односложные слова: die *,,9,0,-
"он, она, оно едет",,9,0,-
"он, она, оно ест",,9,0,-
оставаться,,9,0,-
от животного,,9,0,-
от подруги,,9,0,-
от соседей,,9,0,-
от учителя,,9,0,-
падать,,9,0,-
перед входом,,9,0,-
перед дверью,,9,0,-
перед домами,,9,0,-
перед окном,,9,0,-
петь,,9,0,-
печь,,9,0,-
писать,,9,0,-
пить,,9,0,-
"пить, пьянствовать",,9,0,-
плавать,,9,0,-
плести,,9,0,-
поворачивать,,9,0,-
под кроватью,,9,0,-
под людьми,,9,0,-
под одеялом,,9,0,-
под столом,,9,0,-
поднимать,,9,0,-
подниматься,,9,0,-
"позволять, поручать, оставлять",,9,0,-
ползать,,9,0,-
помогать,,9,0,-
портить,,9,0,-
после еды,,9,0,-
после праздника,,9,0,-
после праздников,,9,0,-
после работы,,9,0,-
"посылать, отправлять",,9,0,-
"потухать, прекращаться",,9,0,-
предлагать,,9,0,-
приказывать,,9,0,-
принимать,,9,0,-
приносить,,9,0,-
принуждать,,9,0,-
приходить,,9,0,-
происходить,,9,0,-
проникать,,9,0,-
просить,,9,0,-
против закона,,9,0,-
против идеи,,9,0,-
против плана,,9,0,-
против правил,,9,0,-
прощать,,9,0,-
"прыгать, скакать",,9,0,-
прясть,,9,0,-
пугаться,,9,0,-
"пускать ростки, почки",,9,0,-
пухнуть,,9,0,-
разделять,,9,0,-
расти,,9,0,-
"расти, преуспевать",,9,0,-
рвать,,9,0,-
резать,,9,0,-
"реки, кроме",,9,0,-
рекламировать,,9,0,-
рекомендовать,,9,0,-
родить,,9,0,-
рубить,,9,0,-
с друзьями,,9,0,-
с женой,,9,0,-
с мужем,,9,0,-
с ребенком,,9,0,-
с(будущее) дня,,9,0,-
с(будущее) момента,,9,0,-
с(будущее) праздников,,9,0,-
с(будущее) часа,,9,0,-
с(прошлое) дня,,9,0,-
с(прошлое) лет,,9,0,-
с(прошлое) месяца,,9,0,-
с(прошлое) недели,,9,0,-
"светить, сиять",,9,0,-
свистеть,,9,0,-
связывать,,9,0,-
"сердить, досаждать",,9,0,-
сидеть,,9,0,-
скользить,,9,0,-
смотреть,,9,0,-
"снижаться, погружаться, тонуть",,9,0,-
советовать,,9,0,-
"создавать, творить",,9,0,-
солить,,9,0,-
сосать,,9,0,-
спасать,,9,0,-
спать,,9,0,-
спорить,,9,0,-
становиться,,9,0,-
"стоить, цениться",,9,0,-
"стоять, находиться",,9,0,-
"страдать, терпеть",,9,0,-
стрелять,,9,0,-
стричь,,9,0,-
ступать,,9,0,-
тащить,,9,0,-
таять,,9,0,-
тереть,,9,0,-
терять,,9,0,-
течь,,9,0,-
"течь, литься",,9,0,-
толкать,,9,0,-
точить,,9,0,-
"тушить, стирать",,9,0,-
ты едешь,,9,0,-
ты ешь,,9,0,-
у булочника,,9,0,-
у врача,,9,0,-
у родителей,,9,0,-
"убегать, удирать",,9,0,-
"убывать, исчезать",,9,0,-
удаваться,,9,0,-
указывать,,9,0,-
"уклоняться, уворачиваться",,9,0,-
умирать,,9,0,-
фехтовать,,9,0,-
хвалить,,9,0,-
хотеть,,9,0,-
через дверь,,9,0,-
через окно,,9,0,-
через туннель,,9,0,-
через улицы,,9,0,-
через(выше) границы,,9,0,-
через(выше) мост,,9,0,-
через(выше) проблему,,9,0,-
через(выше) реку,,9,0,-
читать,,9,0,-
шагать,,9,0,-
щипать,,9,0,-
я еду,,9,0,-
я ем,,9,0,-
ẞ,,9,0,-
"……… du ……… über deine Nachbarn, wenn sie schreien oder sehr viel Lärm machen? (sich ärgern)",,9,0,-
